id,name,age,email,desc
1,KJPQJZMPCI,54,iaufgnvvil@aws-example.com,WwUwjMjiURCMPCJHgCEKldyMouyRvkurGTGgjevTWumFbgThtdlZZngAMnAfrOwyvsVGsHUZAZDvzXPDlUmgrKGkvpQakoorSyHAMlQDPVRppQjLeAeGqDySHUrErvvOOcmayoRRGmRugXrqdedCEYsLfjCoqKXQmXNUnHAOpbIqoWcoRHaVkqyDKrjfDWtMPosIKXuLzVggoTXvxXlBXUeAMfopOOKwyVOenJzqoVSPNOWpBQzWcYxOQQJmefoQlVbjBMXNrfMyHcyHgVcNuhoEZqERRWMvnhPHiuTKQdtfhkmJroeXDHfVQgdCQQtVeRwbRXCMJqxrHpJToBPOBzNVZryoGvLyIpsTwXLgFlvKIGaAsQzoyTLIjJNgWflSiuIDSAFoQSJFYJgz
2,LIPZENHXCB,31,xtajnyjbph@aws-example.com,HvRFIhLfuwxxXjBmZmXDtSVGrhACeQmRlnCTmsPNMiQgwGoGLIQFkCGlklvQqTPmfyYZoNcgBAwVAColBkvJIFuNnjgKSKhFyCskTexpkhRFvatvyxJOfhGodUNwklfdytXmqdeeNgAlOlYxQWrtOsawEVAMwyvbqKKFeKUdcHJZzPlZxmdPBtrEFwyfVmukuUQfYNWqOFLVdKFyrcobdTdlSUjCxwNLbsBuqqMlNhAcwrPWZifkyIFFJIZigbmEuOjHrsMjWuAFJRoWgUnBjZXGiPfSjAzzvWarfaJAfCwJnLDgBJZjMzqsNbBiXxOLsXXUbAKktJQFIWKoybydVTBtrzpkpfRGmmdMNdJkjoCaVUtdFudELYjEIkEgVTsjIQamlNUgKHDWimKB
3,JNQWDYXUHN,60,rzrhzbmqlj@aws-example.com,FtMYgNTwNaywJCYaKTADLwIfOgGmthQMsmQjrjLFkrMaHWECBbrlldtEjZrbrzbmtYKwLUzHqHeNDStYMMrDFCGQwLyBiOcHAjcStQZRQPMQOHITqboXZUbPbklqjeZSgBFnLqAjhVHfZdfvLBCnUfDmMxiAWtkcemkXllltDtCCFlKTByGSvdBoucIMdDpOqoBeAbDmUJLuzvNeQvHlCkVrvgzsxdwCfZzrnxAYNbveGmJVuKoRusVRNCreHJIfjjMihdysseJOByimDzwfDmwgnFpLrcivRQhjQZJHiUqijZKivLCAsEqSoDCKNCALObDuoIiqFlZQXWRLJscUANAwoNndHLwAJPrlCxgKmyUBgaicnKngGZxZVnwuUsuNdwMbXLqfXbjIfQjZ
4,KSGEJMGTMQ,24,vvpshyvjbm@aws-example.com,MKcYIbmYVJcGnixCPDBxnSuAXSwzvjVQnqFzmnMSxjqmCrHTTGYBhhDwkERKGdKikqDSqPMDWqvgTYWmzkfDbWChSEGhSKYijTqJMtgheIyQTqiIEhfjPYddbyJrPgMwaKvSSMLzbALRseUZcVfUKkTjKNmdTCwriQqiOmWaBKJcuiQkIOARhUIwXNeGXElyFftEKzfcFHQkbSYaEzxdZvSrSuCsWwxnJfcuKniZnsiNFKCRmlSwdhrsjqDtSRWtmdLBoPdEqDhbvChMFAzPZYDScxxHSNfgFHlxvrYFkSKcyVyXKWeIZyVOWBztIIRagwXeSSHfzXuwUEqdXrLExZVaqeAgUUnITKSOogeWMIFvYmzlNgVrLgizxQjkECbVVuhpbcyPRHKVgevJ
5,LQGLNNAJDV,18,khfxonbebj@aws-example.com,OkjnnopnYkUayCnBzxSOedyzUzQmPclazkSDnmtovRcipbeACFUjTopeYneULsNkOvEpVYJsfKqsFakMZEzOYwYlgIleOdaQodARFoAUlIbcxnuQwHOSjfICNRyLqXPzCDozIxkgGYfgjFrezJJGQgLMiPPzFRRRTGSexYnjYYzEOlAflgKWulQbctmmiMBRSLndxYpRDEkmczIRhKJzcnxmefZnkeQnSOzOGiVEkfoDHtvtLANEIFncwrltdSLtWZzHEOVaYimXORljToZeyZNNYhXvbGdFqXhWNfUFqQnUHcIheaoClGrlDYBxyBIyNKVKDnHNMpYmjvfhedtcFZleGuVMRkktCeOmSoBLJrJWVaGStcFdzYbxTJVOFsaAuqcuuTDfZYZdYDee
6,VHUBQSMDLL,48,ttnuoqbqvt@aws-example.com,bpsrUzVnFeApHkwQvkutBUlBHHdawhjDPEdrMGSBmQpWLoxzYuOTOYvZCVOfXMCpKzFkwJOMsKkmvRyFTLucesaJCquRFgrkUJrwUDhOCLhWPeBxhjmFCwlItfVBdOZDHqwxAYMQCJDiIQrksBvjpnIwdmaOJFocRPOYmoUucjSKDwJhvfgdOYsIQjXPMLNRPupygRiVWWTClJyZRrmOcCzkUmTehekmoxDxdbFQpuqqYGtrFSDMCtmxbUtlMXsWbVxCuWHUlsksVRWNBVOMuHbzdBWKSZHrhNCZoSAhAdIUXFknFuIxdXHWvjXhLdaJqHvfeEDxdRbJrisIxnuZSpRYmkiQaMXqNTOutgeovygVOTOMrBJLRUUQpgWqekUEaBIAuDKdySWPHTvx
7,RRHLHLIXWV,56,jfthvkdggs@aws-example.com,QXPcVUMYaHwKUbdJjUuglVaMPdPKSaNqcldOfoFSGakCvXGcJxlmJEaguqMeUiUkqfAjbNCMeMBjGMrjejFxvLnBexLofUSvzbmNaFZFfHRQPPrzoaAJnaZdbWPreIeGbJdMvnMaZByPxNAvdeAfqsYjsndAPjPxBJDUFgXfsuZxCjavxDnuopctvYbbbMDFLiCrVVuqCMNQEWgLQEhfgVlGDCRCBdqkuGtWDlqYVaVMjbuUgfagEZVYICHLnRveyzqELyDszGscLnjqYLBVlridglSwTZuvxdCKSYwbXzTErfbvTWqtLjoXBspuADJtxHnJZskIbelXTKFpKrPAtvJqIUywgsmlaBkPjdNTBZKwpVoReZnZsammtayiRpxfVoyDjKSDexVhHfxb
8,SRHTHUYPVS,21,gtwfbcdbpx@aws-example.com,VdSLdXzzfGxDaUBcghNHneZsDNHdSrQNPfQgyZGFlFOCGCSRbaXZYtswHVIHEzdzznqSSbIPVOnbRZJsCGiSBRuZSIKvjuEVCsFfFYseztKWTIqkrFxQkZPrzTcRpxvWHFKEsmTbXMROgJrWDmjakGuvexbyZVdoNCNyTtVpknhHprSDetOsPijxtPnupTviurfbxcdKjDTruaExBnSKXrymHjGqKXHbDRbvcuxUuYnFppOHmyUtPWgNcwIpxpfeQBjMMoKTkuEeWvClFqIFGbQBcWGrezeqfQXqmCZjpxtniQVvpwMCIDNfXXVntGLxeUTjIwKQiDpkHfqvESucSvvSlEyaVnvGgOZZYyRyzuoTfwjHgCBdRbpjaWGCoammIUOSWObyMlZBrLCU
9,RDJRDUBWND,20,cetxlqpsnf@aws-example.com,HEVTxNnTWsCMBGimVRjhuSBQhZrGzkaEeSvyfRnxlvIsfCYYxYAqquDDLHLWbAEZtsieHSymjXyMDflCHLBafaEfOhyaqCffPQdwqzHrnDJUBskMYQJWclpZBKITihrYzchLeernGvJRDbMzVRADyFlJXuxNMECwzqJviJimcBlvYFgfkhIAWsxkjZthpaLFJwBCmJDyhzWRBQySxdeBZrtYYCYIJoKanxMRKumfPQdLWISrJusFskXUbWXXOMeMYsQBrlUFxWcIGgejIUgwuoEYKaOLrPvgkAAjIRXoRCYFuLvMRZfvDKyeRHUNXfgqxhECMkQcJzbxPOngmUaNIcXspPnxhjtlDuVUNRDoZfjtqVXTLWnAZouzrWAyhXXphUQrtyaEgTbTgngu
10,GRHFWOKTLU,57,ibillhjokx@aws-example.com,CWMUFkerfqBggLhffmWorrJQanSQdcodqnDUtOGqgpTXhpefcCJfgEHWAObRggGhkcSscgybyNzpyvSnzuJFErDSvXpvPgCBDeEwilCGZfRHcWxhBTykQZOTRvzUVGzJKxvdeCziUKqaDzrtVklImBkhOCppCxghjEbrjbkckfOZSmDiOlgbRQVaGCJQawOjYbOfdJERyoKLSPWeHauMKfCCacTJTRtlWwkRAAZnDitQmViBnwbqjvQboJoxaFDvPKpNguinVpnRHsjtkHufwDWgyBuXOsLMHLGhMGweecwYCdmxKVLsgUDjyUAylQLFdgYITkcFbiLGQWfllCzdfbIpohrqiRnmUvbljVLxkfTfpBnpEoMzPMEtxYslntbbAeVJeyVxkqpxJbnN
11,NSPQVONHBC,42,kwntupfjeh@aws-example.com,LPSZUrGAjcWoqFJqjzeKBAfcmaShEWKnCycIOAsnSmQjxjLcNwuXVZmBPMHsJQEBhPjRUEFotFajfSfXqjrEbffuItfIxtnUioDaODuoHkpuCYwGGhqZfRCtkJcSBGteibcbuJvVKXPntnkkasbZiAINMAuJSQxyYUkrImHmLVlCsuyzVQHKCBJNCuTQindKkxtpkddeylYTSHYagSXjdaMWDXQWBtnkZcKoaGVlbKUrGyOHZYObpXqnHyLnTGPhawpeSYtJLrloHXcALVpobkRUMXGzRKhzhpZDUDDEjKUzxBEheYeGuNvptKfMwqAStbaGfscHIcZPiMjIPiKdtTheZlQmfhpfLpLsubtDQRmsIYzwItFItWQIuNhfpsvfaTCTKNRNnhYBEsLP
12,CFKCFOYRGI,47,vfeeieavyn@aws-example.com,jEiYCFWlSBcbBrevMOpxnQrMhbfrvwAqqTHlqDMiZAkjirkuvGXdNtzrSvwspIqDGUoJSJOJqDOfZDEfjIGSuALtlfwRTrQCLWCSaZBEvCaIvnqAtBdJleWDBHLvuBdSAfnHGolRLhvEwGMmXfitbhAjPgcEzrmJqIRcgFHLNxwWbLtpOqVPgIwoXaFdkOgtJrFVjIdhSpRzPMGccKLEAjZNEIvhWihaoCOkihQxUgYCtBJCbPXshIItQeXqHAgQJVRcXdpxCclqekvCOJdZnzjiDaEinlUcOFGoddAuGcJFZbsvzThrqACvEcLthoDBkPySngSMXZfJqdcZpMFRfwkEiqAWPzQWslYwCqRUjgFQWjwMSMaOPstrrvhhqFnAgWTxASVcFfMXBWFR
13,ORIBHDDFVU,49,qeuycllyzp@aws-example.com,pCPbxtXhJtjqmYAJIDFHjwBxZurNssupEynierwAmvCjRbANZbFrUtKDnKiQyeqWIHDazThfyrPebguUQsatpXjgqGZVhaVEIUCgTFvEKQGYzuuzAzycMVGAuYHYlebusTTmBtDiCahsCifuhASmeqpwGTzxbpuVBDLyETDGcaeEfoEUgDRGaQLjqRVrTHHCmOIfVEvunxrswAezsTAQoMMuxxKtgpiGugIHPbujUiUfdKfWlycizeawWZSaETjRhuLuDDOakeVyZcoKhbNfOZcehJdFuDftBIeDlfOGFqDdbkcorMjVlromornBLskKCvJifGNjFnbFFkYfphCdujPirTcTbQxIIFfPPREErtStNpkpMOmrOYhTGcTZSkPnHsUTIBVKQjuWEmSN
14,EMNXINVTGH,33,molbakuqzf@aws-example.com,vGmgeOBJbteHCfJhJrtVJAEGaxSROaQcgkgoUxGeGbHuDBvDbDdCGTThXnbhnJdqCUSFBjUNRhhXIDRPfzEKtudpWhwUxqJDQCvkLBSSrpAxDLBQZkatMDQvVZDmtRcaSzBnFlHUAcbbzZaNNQBmNMZkqWGqUQZwrAzgxHvKoXDRaIzcgbqgxNYDXpHSgGbsmfJYpLoGFRsndjDrprKUavuxufgpaFBwfHIFBkZBcKeELxIgMMoOxhEDmkvpKlCcMYztBfXNSLyQIRSmYDNFvcQQiYYsZcbFmOiCkkjFDjqHJlDhCKbmtiPduXMriCWvQOYaFqzbNuhjBpXBbMJXqQtFVWESFgmBCgAlOFtDdFDTfBzBosRAOXBuQgEKcnHYgJIAUxfvnAIiNLoH
15,EWJIENJBBR,22,keomawdvhv@aws-example.com,lMifWKvDuDBnLgpBhMykEuxxgyWWOUPlMZLDtaqUMtUnnQpvuAGrjhQRohofCirHPNlOWgnQHCQyWJXzAPuZyXydAkaPNavjzkOUNUtgDRtUcMEiHGOOflQqAUNnIzrNDywBcfItkXPkYbuFyEclASGGAfGjHctSNEhoheeJkgfFhsVXanjBVlJBUyWHpLfuANNrabqKEQEuIZyeBePDcIgKQVYEodubZgLZrTvnFfFNbrHxUEGenftlFTsHhdBStIjBOezJATdfKcxEjGVWktKFYANnkCGaCerjUqryfzxbNJtKnGdGQXoFHNydzNGFscohpvFoJoOmhsTvcjtxMCgJsUJvTIoHWaoCzXeGIGZwVzEIBJQxLTOPwSonsmKuYedEfozjEncvVacG
16,IEMGDGNIQY,33,ekjuahxeks@aws-example.com,PAjuYGcQhyZbwjfKWYKEYajFesQGucXWRMbgScazutLkNkYkBymiHsvpewFFySANcFyKrMnXbTXNBVrThhvWWsRTbGmsrgGSjHQUHrKrNsBKXaUGaSwiROWICouEMkeeoZZdCdhbjBGeLAKKyJeaGMaKRDOOtmlOHCsZvYPmxoGDGYSsrisqWZnVQdqfbasWgrlojiMvejvBPjLZruZvNzlSeKmDbCbewWiKbZSufCwiXJkImRfQSvDIfbHyDwdStXbmttByukyAjKGnPSuzMfyROOOEMMgicBtQaVXvOCutIADNzCUHPrZlcTILiMIxSJMUbgMghVEJULpEfiKSuyIhRtCysbKjRgTKGodDmyzbqXdhXXhwvDsPNFzqNTmKgihnCbFBLqbuEwhH
17,CUAIDOZPTS,36,cdgwiwnyck@aws-example.com,UgtvDSVBIyOkmWsNGOSqQVfRWdKUngBBtPWGwlLcKyOKUbdFMKKJQfnqvIbNpqFoXZVFprRPwgIaUQhqSBMLwlBMWxcWmuZcyIXwpYGycXmxbHndhYUUwpsmNJlskawiIUUsxNCpPVBCaiKXKjrvSFAFmXZeJHJCqogVKgnEReKQCGHHdZUZlBpQsizypIjfDjfCOBXKvxraDVRYzjHfcjpwifySRhfwRXqoEVhBpWbCwWTtxcUUeRfsJkDsKmnwNyaszHHcfpbBBhZKNvVBDFtQOTaGZGoakJAORjjPVjaJLQMwSFXpIupwMZYTucSFbNrwykbVHVawaLXPaMrQwlpHpgHHraGtsHKTnKUgqbLNGGDTGNSDgSADdvZYinpKqadojByRaSlZifgg
18,YMTWKIAUEJ,39,mmakpyiife@aws-example.com,iWKfuYAdHDaZtUfevOracZqSXJgxljZfcPZTdpsdigynYswWWocReawSnfiLRnFXCUfuHfjCHYjipLGFnzYtCTlGMdDjtMnHlbFXImsfxwRTSqxBXABujXGKnRFSjmRnwUYxySBLQoFnKIpZkyeeALUuKvvppEHGOvFCsEfVcSmPakqTTHsKzEdPUhdWktGDEKptgriVJxyPwQbBgyddLKyUFGDCcQtjlfqohNQnsMBVOTgueQnWyTHxasYlYKsOjMDUsDNDkBqYPfMpaTgnOREKwPnCsSLiOaIJKPEyPjswVCDLDlMzgbNhVKihmsHVCgfgbyoaXzJDziAlTpLoTSycovxoqIlqKfwhcrhkfdYgfdSwiLoqzvKBsnIDaWoLGvYtJRbxeNbdfIGt
19,CXQOHEQTID,60,vwsuysvxei@aws-example.com,ijHTTSYVyKihURGrHjvxPUGNwpZdIYQvSHYksFwSpjKbxVBOfIQGZCnuQCMFwlpvedSGbaGuvpnoFQrqkvJBixHtVLSVxoHoRTgwnfIIOSgahvbGtHCOiXgeqEgMPYbPPtTLbaIiYxjMxGkSuWXXcexegEyBlTJfRjdHrvWmBOARjLkNTtbAqiqnHBapRAVJHqoAzCnWBjgYJYozJlfKQGuYeTRLBeViZuKGJgCPbdtxkwSJxZxUiQKbGPjUtRTUsmanLqAuqEiegkmCeSxNmWxWtouqeOlJsNxhqGOlfNkJThSKSgWIewMRVxknvFMRZXCXQxRhAVDZnvzGdbeOOUBPWkrMeRCakUIDvyQcqPKYUauNGsbWgAAAKgyvyBWqeUjNwfHaDmUYgKyr
20,NKDXKLVQIR,53,pbjyapeygx@aws-example.com,GCCoPefkdwnScnNeiAjQfJJngakniFFoVHPSJhzWoVwOqVsdIJeGBBKViqKbFZjOSaHXlMvhAQNgXMcJgYLthermLxTVPrvFnVHBLEwVlcEEhKqMnNNTzUQxRJCguFifAyQCOvMtjzOmKPmVrnIJEFXAqWVNyIdRhPAHvKoWTggoIRDOEsLqErhGCPTZXTkvKvCBXuALDAwDBAboUwecuuYHgektpLKstSbJtWLiBlCpMsjvlBTUoQsiPjbOvYIMJRSxmPgbnQPwPRrvSHZdVLUGqHwjmYwdeOugfpBkYwsIonLMOjrObRuKzmyDEjYEuIiROZyeMgSBYxYVBMkuFdAHXtENNgVEVQPKxezEcKKeofJGsJHcKtmzAiLRMqHhYGzHEfAfBqopiRPv
21,YRXZUMRUPH,60,edqjckgwnc@aws-example.com,GZAgnKyzqVYjxYqcrBJWmZsxxQJSaAVzSCWDCEGWofdYWiUqiuYxnlrHyemxZXUyyODHMvRzgHehUoEtacDggINsGmqIqqRciMhamylYlrEpBnxZICpZFRhWttKbWhfMHRdggROUipfFMXccfUIgVdppsYckgvsLGQpKnTbEBomhxjqHMKEjUwidfETZuhCHXXdqcXFnBWmJTqgtSkNNWXvqtBXPZRjjDAdObufTiCnqFZTVJYuwHHtAnRtINDSfhefopadfdjLBBYmmgdBXKgAgyRJfxcgvXAcphzqNbeeaNIxnrNsyjWpyQLrDggcazNCDUjOFAcENFdccOKfKutfGZenqOWxysusRbQFzXaZHZwAQOopVdmaJOBpATLYWvXcTorNvSykCEsxw
22,AZYBOHPUVF,48,vfgdxtyjlo@aws-example.com,uArAEwDvFVIPKDGFBDBsWEQyyiaLBHePLlSQqtYBxumcMbtGHTDhCAzzAnHiZEVKUKOgIGpWnrsAYiSlpIOtRYUTaHhfVUfaWflTMvKbCfjHPpoUygAsjqBicOnvZEIDcvdBZrLCPYrIfciBFVfjjLSjlBhHItqoTFPJKqGqwZPSqryFGRmYAUtVBfqoCIXRdzHaxEWoIeQrxBmiZtygIAhiKhxqjFsYiSgNzRfalyzSvXYXNVWKOCAGqueUaIlSLqezAnnMXUiosEftqEFKNMrXEEwbAvyCmyLCCqLwJopVyWjhGmBCooyVIAyPvBSlcLepVnEOxyKRSMeflSJCIWleLEhWyYDKYQptAvYHGxxiKJjyKuewZzOyLrxbOMnHpJDhZuqFCzaVvRYL
23,FJJBZWGBCV,54,dkawfrcwhs@aws-example.com,MhNWYgXmQeANZILAGhirSqhLWXgwTykpCmetFJZifbYPwFrcZxYrfDGkrdRHZgcsCCreGdjGIPBsEzJznOcOZmPctSnIFhbHsaSmeUgeeJSitAaYFftOpzOqWhNHAsCWBCKVNPWHZhSjaEIGibDTSgOJFONigSbMbzHJPqShFafXRFemdPIDfEZweXuAeAKKbGcxSAOeRyRCBIHESKSvSBQBUuvjooEYVotgFmrbpZJBKZdxoOWNOqQWnGruETUBsqdTtzGDRLyobncPokZQqSUhYiRAlMJaEYgINutvRJAUyfmyOCvILZewcCWUFiAFKSEZkEmisKmXCkeKQiZCYDQqQQSDFfEcRnbibIHGNMSfuyVFNBKxrjfhjYQeqtvrILIfwZWqjvojvhqG
24,TCFSQDISAW,20,itagpyyicm@aws-example.com,QtMgiiZPCvaOgDMHJCPympUvfQykvQdUquPAbzMYoCoFQlwvSTcSTYVoVjbDHdqphgTlTaxxcEcNrUfHImjSCnQoYSdHaHMpwosCdctcrIOicSYvJFHEXYRkBHjdSHLjzUfMjRvMCRcBvCDENbCbEFSLpfwIwIbgBauCFDAzAZisZrNtDPgZotOOiMUhptqMAdFoyJGEHLEHuMzYPKzXlGPPjWVyzHtNcqeFsFGdKPriYAHBfmDtyetzaOEKSTjYydnVvrQtqWYNJPPGnaEPANuJPgnjNQPjFgSVSDXUzhUlytwNaZFsOeZHFMvFiEVvBxnwtjjMZUjIhBTuiicvxAGuSyJzqphwNGjfsWkMImWfOnKGzpESkPvcLRXpqoecNofZmfPGCQDhsAZp
25,LRABUHUZEX,60,okyypklmxh@aws-example.com,CypXeaxIsvCNEyLmkbfaGzcMaSpQLTCwRpszPNORBAukkVmiMPcNmQmZmZkjNQYKoNyfquuYEVZygAPrKbNduhAgFXKdQmapevbLVtMrthcObuMyVpVkjVdazJSZTHBYgPvPBFBVPsAJEgbsgOnOOmtOICiuwgPesfmEsDikzjWcMEEzDlAuacjKrHeVzUicrGXmrmmkmQhkIcJQCPAIUhWZodKugzFvQxCCPXSgRdaEenRNpbAwMscGVCKqCdhaFLyhEMqCtGxXbrWTHYHsgkWCoiCpQBNFuChkwDCqhXjeoGfOklIqOMJAWerbiGjYXaGMXyMVkUUrmFWrSaXvORYrsBepxLsFXwduaPqnGMWbChVUZSqDqeNcJGvTWUpnIztoEjoDYxGqXoSp
26,NBLQSAXDXQ,35,ieutqswtpu@aws-example.com,oVDHyjILtUkofeNfiIFjlNBCDxMwBdoUxOAZBEjErDanAowpgDQKtMBXZOEyLHrxJIPoLVYbLQQrYaGKbQXBGgPWWRSNBaYDLIkleMSSrwkDMWIvyuUZCzksVYAcztAuONalZQLnqPJfGhmIayWGXtyZDQeHMLNgFlnyxikqbGEgcwyqzUJDYozLqCqDwpuBDXgvbBoHQqoxOYepsmWBcTssgfkBarWxSSHEfcqooRbPpmQCsDqzCOdALGqNSzQBJWUybaQFcPHrJObaIfqRelQoTlkjJRoHRzrmBIsUogGeVDdaJLfyWsTQdoyDeRKTprHLFFqXijNNbHvEHFUQyszJIWNIeGOvEGuRxmPJrifBvCYKlsolTXQWTdwcFnvQerFZXIhmtCynZOOP
27,ALYXEYBZIN,44,wderkisoea@aws-example.com,CwpcEITMnIUoghkiPFgYxqBQCmwdheQkrlcVsOmFZNQSAxPnaSWRjQdeXvQXEaPOvzWBAizpJYskKQlhIGEWZaQjoZNcAbMhbFJvuRSODrfpbxLIgVbwkLyWIAMVQQylCfDXXhcQxiSsAUammbKgnBUqftSkAdhCEnrPcYThqAEoHYtbaptWOHSxrPoXUHvUxbUvBXfzEwiNVBBdFoXyvFXMHgfDjLJXWGyCXoONSAcGhJiEztoCnptGKlzZktIfiSxZtaDCzjnyUpzdwLtKTFjMhQmzijrLpBQdadGCGZjIOKrCOwguavAZGWYvcGbxITALGfhGtcrQBYmNNIuPkqwluLhPiKXvwIiwAAQEqoozrapbDczSAVJXSlxIdCAJxmlREDhifnOQTGqs
28,RMLSXJZYKW,28,leakcgmzym@aws-example.com,GRhqfiJjRQRXJYDjiXTBEpvyqrygWlVArxrjsfjmjEyYfMwppZWNikczeCAjwejNPPaquAxRxxRyNiYusRPuHrtUFfPfqOuvujrcTFOnzShEtAiLzKzBplJeYsLpHGANGLFvpyXTPlsSiyjdosQArEBLoXcoTNWZNXRNvqTvzlmTFuPobBpXlsqKdydHUOhroPdOAPsvdOQVqDXnKQbdReMeBLiBYRsEalagcyTltPEIPUftfDROEBPwQluOsmKehBcdRLFLKvzCkcOQyZBtZIUGIrffnIBwHhEtWMaStPYhlDTfBVOaRfXczYHyySYoVSkumxikRsoVqkmTOBusuzAYbOgCqCvqLPykqVpCBQUQcmAqnAIdpRzwnUjmMuwskuZNHNYrhHZDscCF
29,SNDHHDPCTF,18,rcnglxkril@aws-example.com,wBNjLWtAMRmzAjoYpkBGFSFPLtTLIoSSDpjcpHupSIznkDCFjgwJiDhqEysKdPNICewJGqbiCCeTzYyEiLtHrFYjVQJqiJWyrilPWzvpvxqgVMuFYmnERljIHkAnEpVWgxtZsCBmglYNfyIeYyxKgjJyGgTVyvXXfNoKrCAqFdRnFIgwFWGrVjeHLPgMzBspwpEzITidtRttxMZDflLLAzMURtQMvrTPwwQTXUuDtyRTNBLHiBcFmZKgtYPErymGyOChcuxzhqjkCntygHrtSIJZHwMhITalMOQkOHkyYWCvfzWuoMMOAPdzxysfbzqBHlRrZsRrGdCZTceuyLUEKswucONpwIwrkPNVhspYKjrVnMaOKfNkKjVNgjWyAzRXmdZxrpnHoufDDzWZ
30,ZBIOGNJGOX,56,rgxphlswje@aws-example.com,urUowubbIStGDEdoYUlgNunvUnuFwHfMjFmuhOGKdrwcsrvSVkQfRAUdcNFOiOjAIkAZNzYItyDFcvdcFfqTccfUjtUxMzNAgsnzAfMUlXdiqwfFxBGFDBVFnQkUzAHpmmULlaCbAZlwRzIJROZnslDTTFaolMuYVbUWiKBHTpvHlMyJXelNbbnRJqinszBypJovdjLrDXChfCFErVBVzZLGSHiEAheUxDuggoffwZRlNeJqhjJSyEbOOLPApmBkAzHsYJppsObSIuvyJcEdzHHSPaHxSGztdFznFsKgxCGsjtydLzoZptfyXbgsMtrqStHuGcpMTBMsvJpkIGPnYqhTfqdnlNiwjradiPQitCnbVNWZhWkDLmSGlpmgUEgKxYbQwAwnmXmRidoV
31,JIHEAAXLKG,40,hedzjntkoq@aws-example.com,paeNoKWYCfzTvwboCWYCbKBljttgYVnSkYrsFVOyRpuMdvEoaLOPPNZFNDrblEjRoHphcUVOthAsHtvobVYVtEARzMQpxyAOVgDoOyeqqZhDlgeEBIvXElTZNiBLoueyDmNSTNysnsCnmMekLIJegdSXDdiuUMYxdSWDPvyeUTxZksJIMaxgLLnqnXufuNUguacotgcYJJteEbMvkhZfwkLrVEzLnkKnGCjrQKMAcqvlFYKpYsvjlDJoZNxJkTYLUUSnmfavSIqzxpliuhOmrbgVTTtdXwMUiBwJmRDZvKHjzspwkzrPdauRHkmZFFmvdsVjTXrjTuGAMhLfBjQjsDsRqBvQVBKVlXgoBqHwXVpJEaycYKKdEQGnEVIoWpBWPyCiboKeMEyqfFBw
32,FXDWXSZZTX,53,iwlyncceis@aws-example.com,WKpKnXwlyFvLPYZyKeCfyAJSQKHcyitvcgVaDbOmBSHLblQAWegNgYEiVxrtCoNOSfrmnEbCzcFSVeFocJLkMLCCCqnOLkXloIZtdesIUaDYeRrGjWBhtrWZfHICKghHWsbQAxQqBOQViHZTyEnnRwumLHrHlZYQtvKgiQjsGmkABnHaoGCmvUJdBqZxKYXLbjYpmkHYrntcMVpDRezIKrxLMEuUhLMRVjbvOpYWplySUyIcjdOsXMaehuriwLPWqjSDjCwpKUoerCAIEhShWnqAKoTczRNlPnlvBBCTgAOxydNWcbsASfwHDhbUKMrUmItIoPdULYWJtagdmiNHCGvEkCUBiredgXTKhyXWzdvacBXznmvbAodBBzIIaiCnSMXteqtKgVVSrDby
33,NZZZVMEJYI,18,kdnzfzaedt@aws-example.com,LAYmdlpzWZbMYqPdhENLuPagrlLvpvqhQFNLNpAPdmFWdrPCEoYyrfWOfWTFoCbMACgzzHNulOLdrcNDQNsgIkRVxybteHlkoUDuGKxgHaoteLlRNXrBsKGOIEaYvHquWmmAcXMjrQVZgJVRTEYsqveRSmbOCIoNRzLWbnlwubuDBrAxanLeauxBxBXmqaascpXJFPzrhnUToKNwRzxXffRAoiaolDzyqpmtHswUDZAaxcxeBBBccHLinRJPAADQFdChrhXTOaMCaboPFeoJGpljSQllowJSKvbVzWqpqsAOtGOsYfwWcUECSzowmnmZQDteKJXmZywrIshQYtAQkWTNYHaByrtBtzCFdnkeylXUqdjpeVCaYLJWheHbIEarMAJUUhYnWnDQhdeB
34,KTEPGBKPVJ,39,tmmgtlklno@aws-example.com,lRVKWImnaNeTVGqzBQvUNBuFpYRtlnGjvRIzzsiqDvWfdMkRIHWstLKtktzqfLVqHTJZwFqMBokyBLquyjSnNduJYzPuELNcJEElFoxzhnnOfCyUJkJXClzybVbIFfagJwOjXyNduYvcTVvGIhgPXqLXqisbyWGlrBhDeuLrXHGDVcUSdGQlUxKBHLrEnlhyLMrABcFuwFJFRByekdzSrNwkhFeAVotGwdtRQtSMlByzGAErFcEPjKeEOmowMjZIrvUepjarMWlYLokqyKVyxchPUdwkpBNPgOCxVjKgeSIQNaKMlDqfRrjOBLUitCXdRlpYFQFXNDwWskJzjqCrwGDleTbRuYLUlkuOeNbuxGLmPxaxaiSGDMEXZzeRCNzzmKMsduVQpGlstBfW
35,GDSMXRLKQW,53,ghleonjmil@aws-example.com,KLOeejjzvdIbqYAxtWVRdLHsWARnxPSOnGWmLezdIMuJvEtTUxPaRWXHMsYivkYBvYdKFKYZnXlmPAelBURldsxmRepCoUXLJfCOddUmRrOnYGdJTnrSrcUasHcoNVHQCxdwETbNShPeERSnLcYpdHHOOmaAnFWMHACLKCxXksEkvQEwhaQmNUGlZVaFrnUaBUFOAkRannUvabMxCNMjsyklhDIvGTmuHooAWbncBkXBVtDjtklJMUDnxmWuIZPSsDncdZbqGhmbUtfstOnXOGCnwYTZMGRhTvOwfSjbEmQtauhoLVhKhQpcsudTkwHvMoxrcKmgqadWofsvpLikgsSTEhRIHugvlqitppAsLZYqaGhvvAgXwXhfHMnqqmuQzYnLnODeqqIeUIrT
36,HWUPFSTZOP,57,vyxlgiilvp@aws-example.com,bGIiHxkzdertMhGlWCoyYcXhnlKicIhDRezlJxNkaXxBQMXlIYVZUKMzZokCkdFNXCrgAkUZqWxqZpoOMkgDRsUJQyutnpZrExKTBZEjgpbbCOWeleiKKHFTiswtAhQACGgoJHRDvEnoZwmffjDykMBzDgFQOsfeYXXGHJdLehGSJqmmMRFfwbeGeJRcPVnNqMafuMaBhrZcUtJZFqIKOLNQzCPalFQeMKKgQYwUlXoYvdPHqsESRbuTtCxDpWZZSiCTTbeGIEELJsIUSyeaLPVNpNGCTuCcjaJDPurEEEYLTtIugJGlOKizAVbomxSEoYiYiRTygJjhXrYoHDrLsBbHkgBmFHuyDVKDqSgTpwrBhiCTcmyUeztQXuXMPRVNDGbqqCEDdcbZICWR
37,WHYNEPRTNC,28,dpzmatqctf@aws-example.com,wBveMzoyuvHvGUNMxemQCqAnpxdhOEQIoZFNprpFUeInSwxNxYftdEwNdyrbwwQMxQMvOciRazDPjIPywxVopxaIoiFotWnYYbdQiNpvQyTrwhbkXpBBCjLxGBSYsygEFcNwPRwljXYGZCxorABKnuucFKyqDTHulDNIwefGGRLnoWaBEZTIGeyhtcnYrAlWaAGRduacFLdmJaebBvTaSafLZWBVRTSewJuhbnDlCLPEzgovDXajultClNRswdFXYArbpliWwUTJzHAmyzbvrrzJVkhoDHDYbDsshmvARwaYvRiaSstJWJTyYJZRRTxdpjFZaRmtTAvObjHPKRKfDfIhEBvZVKvNdENaleYfXRyJJZJQfDVWqSqpLqchotarhEnghGPEKHWiliVE
38,EIVLCOMYRS,29,goheufsdxz@aws-example.com,smUnrBJXlzVjhVirMJakKXgunAxrteqdgxYJsSzunADgWRZAxEYBDRheltAfttTNRHIPmmAqWGUmYjukiCZpuLCWZfEoFvpFhijjYCToAjINjQzrEzsgqCsahqQBWxLazhpzrwsgYtkNlMZPzZstKyASSbfhRqtNucgnJNHtNOFQmqiSkxmlppzSEXvhyyxKRhFjLGNGBnLnjtdNLEfQUAVfivNBMFoPZKJyqUzlGvPOKYkIrKgdefEsDGuDlFqtowuAHNyLFqXKQJKURkfuxSRrVIoXFXYGaBLksNrcWpHnyiMLsxVjGXsCETsdRveVGbevtoRaLtnvPxiJKsTrdPjFyctsykXdcEcriBQyQxjrhWAAaZIDtWMeqJkJEQfjmZQnVZMBcfjrYesc
39,VOUQJLCJJU,51,ifwgywefqi@aws-example.com,yYyBXtHfksnJQcQAdwbYwkXDFHByvIeMGhDdYeUDChNExDnfFzRhxkWWWzsRkgsSEUVOmtIEohLmeNFJuqmveSUmbzjqBGYZZYoqqVuwhNjxYnGlnDWsZOEPFITzkPrBYZkZxuiKNTVtNRfBSzylhKrPVWirGVLOUeUPsiIUldqRpdftTJlHFKSQyBsatSQFAODMpXvjNQMuvUUfRTdyOLjVAnCWZPPdgUPHWtETIWnwcGmnpvATuGkUrXDkDSQuJmibobHPFYbRIerngQPqKzcHdlfHSYwKHXWLtwXyOemnqePfDPzxAPZlNcIcBzaMTUyisFhDKNpNWzqiQkXlqSqJbGSXOcjRxjppIqFrNNzumANeBjatlTiuXGlssZvCveotJhqzzffkTNfS
40,INJCVIUOJA,54,ywnxdwjdsz@aws-example.com,hwBHDdBsRRyNAnUkspaTyecYokvisEZYZGhrpJpXXFXwJYvoWocWfHggJeMvQrIrxzGCUbTUYYEnajhyPtIjbRQuDNhcvodLcMfhTgKGuThTyboJnkCTLaiPeVvmSWlYLmDKSwipZZfufWbZyTCbMXnytqyngRZOExNppxvQPvqLaffwnubQxIfDVZhOUHZGZKYhiUBwqgfNMcQwMhLcSNmcNinxlQXLudaPomEFNZSjsfeHiZskuoaGuklJFtHqzBCTztsYgthOnaEiXBjBzhUBCUlxaZausQoCUzJfbcbhWJMCnGlLflwCGltSsDGARYpAGLKaGfaBbTjlDfAAQiazBHcwAeQsOZkCbYBhrflVlkeJGcptHxWUFNVTFFMWuGCUnYNxAvcrlhhR
41,WUBJGTZWPE,28,guxeujrawh@aws-example.com,BCoPDuYolybNdgdbZbLcyLKkZwmwbJVofZqUqgaVtftGoBAllOOobMjYErKOatghHyxwudtjYWJmPMiUVcDcIddBcskCHQSpKXtOffWXoahfcaIZeilGptjMuUFGujbYBWvuiQXufPsyWWkZauASlApRyqUPjKNqbqLjlMYYkyvrFUFlbWpBUbXyRKEaBRWWfWZABAtroluKJewyldkIjwNjDvZvbWdwfRUpSTLhWDyFtTaYxJEEKDrXTJOqCfzkyAxbwDmNHJtdGmCisBqIbLebfqxisaBDbNvnOkkNeQAspAdysyijPpPHYuUvoZxOnrudRbrfufttmqkOSyQfEnqndQtaCIcGzLvYySxDHsTdLmqEsvNETtZyPlakDyJtQJZRddrVmMJMIySe
42,DQKHITFGLK,53,hdebqvhcwx@aws-example.com,xkTzuaFVtBUNDVyuukjXlowemUymyWzZvJZbDJmJXDBUPYXGXuBwAxwZlSgdRraPOmuKnHJXjdNvMycWazPiIWxipRWSBEvSEvznUpyiPtGUNLlHueNNLZDgHldAwrsOzNbhLnyOvbSSXXtbGjeJNQRIEozPdJGljpLxDEhtZjKqSuoKOqcpgSjBSjswxjtMWFydpHeicTISYbVwGGIIJHuGmlmjqyEHdMgAKdTuIujgJxFYtGxahreXTzEQIbZdOgRQZPubhYnMOUSzmKLNXFFvtkqAkJtMFgKZTLoGFQlyTMsQPoziwXOYmNJXwaWYAnNBWIBdraNJlvIgpCowimjeDfOqxZXTgrvmLoGiguiaclcDrASBEqVllEOVJXmOMlTflZYjWDhvebnx
43,NGRYHMDWRT,35,ukvjzfybek@aws-example.com,JIMTfuuxlHYQsfHaWoaJJBELJPrQKHpGFFUlUfuiqSLfokHAkFgFPxGmJYIHZTNdBlgbPPVEbKccLuLhtWXTcyDxiNQcgxHyKftadVCvtYnQkyeHkyvLGstYvxKqwTlszJBoOfsZDqrplwiFYgDrycHdSJdiogYrjVrcLGmNkbgpmyHQhYxlkSWsZLgULOrxICXtrRCeqrrEdewuyNnZIOxXuspubOIwVhCXNFhgeJTLuaNUleXwXFCnCvXXdLrtwAWzTokQarxQsfdogQstShDVWDhIBdtiogxiQXmMJyfEmxFdIUSAkCpvezeHImgdEnChAYxZdEcSzFDlozauDsHAUQdVNonLSTPeutiXIPYpykBDmTCTrstnAfEcvVoOKZEcvhCwmFmwrCZS
44,LQMHVLXYDF,39,woipnjfiyw@aws-example.com,VpMokKLEIKPzZKTgkiEmxQvCgyUQpMiHvGhXingELSQGxKfZkVQuXHMGbVttqaYqYquCzJAcRYWlcywFEbsKgUlSSvNLJJHVydWJGKNRuVvytUUJjUYHaAzxxXvSnnHDedpAXPJqeZSlZUGkoWgDHieasKsSntDOQBaBGzIMUNWdVqEWrUmfdsxoSFHvscWzIRiBoYZwVqrTUTxxihpMQgIJvtgOhvpjiWgHGELVMQaHLhGVmGNVRSRbbGpYLJrTtNhTWRYTWOdmVCJsGGrHkxkjKRoQVLckXzRzyiXvYzkcgFXbvmnKDqAQUdFMZJgNehEHJTesUdVyjqnwYHzuxHxGtIBNPUYlAIryeHtzFhBRGrEiAjbKARXfzgAUpfVteaKLYxbbYaWtbWth
45,NIAWOAYWVU,56,cafzuxwzgx@aws-example.com,bbVPosvfjjZNnNtrakfFzAjmefBrWpwGVaUkPQzkJoXMyFdZKQUnBoAtysxzDgRSOjEtVYgOEEsxAiDbapWWicetahvRdVBZWjiTJoyLGZObdNmcftsLaZixiFIBIkllptYhaOKdJkkhsajAhekUWKXelRqrkfygNWPxSvLmOITuouMgCypEOBJplyIpRyFJKrfFjdKvLKjaiIzsJywRrTQTDfgtFLzbECxWbQKlotkPPOngHkInpsbYfMkZJkLeQoCHNlcavPrHjASwSNBFqDYOLUEHpqIGmTOpaybRKWRqzDzGOIiMUTtktyoCLOjvHcQFUqnhMbHQfoLsKTauOHKxbflQNwVIZmUmBzCyggXJqFoSlZlfRixXQjmGqbKBTMNtyGmQpliWYjCj
46,OOFPCAGFCI,49,mbdtfxkklw@aws-example.com,JnJgZwWYXdOnESGDePRAWeLktILRmleJqcOGAqIxXkdcgkmZIGlGtCeqQzYafdRQgrzkmfgxMokrrdLsHwHaNooAHaKSzfGxNBwgyeKNFYCEVTLysRyvTPPsmqfljvrkpnvjNJUZlrNFCdNrBLLNDRdPKqSHFXTPpmqHxePgpFtiVEQiHZQaWhDQluyrHLIYRBekxRIFEXbuhxzmQuJTrhkcDdDpgAimsQBWFWvvRQGfzdaLYmFhYEGvPrXgiHkKaQdAKSeYOeXERxYlcvGkafPiUpSjeFYuxWfvucVaeptUkhifpJRYibcvXmwmedzxEpeCTyQjwNKzBeerHowuEboeRtUYuDYYPJQuDuANHDBZbQMilQjtPdfkjbOtpioDNaKLWjCdjebEOSHs
47,HHQBRUSQDK,50,qssucsteyj@aws-example.com,AzOOthBCArnTGWAvqVtnQyFvwVETMuBBQPJQMxlbycaencigvsYktzWBhHWWOxCmTYTPXbNYcuKwyzEacYyeKIkjjWUCxnicEiMWoALtwzOODYiCYjCQdmWYStlGXaqePCWmMXFLnrBVEAMFpHQFMKYtasoiqMKAEGJtJzRONGooUNhDZfsHuEFqXfurxNHsgdYYzUfkwBckpaoNORdoWWXuzADpuiSwjUVneysvwHtmcVJwRvlstIzKkGdIdFXfaIqtrKIRTSFiRatyUjDqqbAxSkAITxdhqFATEQVHRASLTjwNUSkIiALBrWBLhRwCesZEIFmhutBFpCovoDXOBHJcwYuWYABQgVaGbGPfClFbXRuqzBJvPysVRpOxqyBXbWVZcFmyhOPzfTBc
48,BVVBIUFBKL,52,mdygaosorr@aws-example.com,EqZMwtFwEkZiENfCdQcmPilZvfWrexnFzSttUqRppBlTWWOtxzUEQKVooYFCYysTKqmyvdaPlerSmCQQKcZGxWcJdVDzWAnbEenPqUSzWKMFunATgGzjPHnWhjYzSANSlAoAwFHcKKztWJoJbDsktAnvCxTUhhbGPRazpDqWUpyDFaJKyRWcgokpJqkqMczOLcjKRyulKakgmSeOyaNmqxhjazHgkeLOmgMgDJgBukZEChjnzERlEBXgjxrxgoXqMwIFamdNEtXkHDwwvmzftxQlwaHgCCVEpqUuOmGDOHBhfyzCHEbWiMASJfgSIfyJaLoQjtFzVpHCCUMcBhAHomxVOoDalslholrDttWGTMFfbUdAemYogywgXBCzpMCGyLXXyIKFPsqTOSXL
49,OQSXBISEVJ,30,owssjxlxti@aws-example.com,IMFmAXFqHHhynLKnifZIZTQYAuxOrvBlsmIVZAKpCplAGcXXzuwGAMJnBBqmDUAMNFyfhKvxhZPyimplpchCCsMwowfYsznhPNUrsxlEsvAZefivaCKZWuPDNCtyHtSkrBNxikJMViKmuHwKyYKmXoJmSYbthPBinfnIyyHDKPGxundJIFytuvMQPDlQikuvkVIKrXRSdjQSZkPXSddKWAijqvRCrmmaopSDVlrcQiCurGJoLwKgiawCZGfDBaJIbNZZIGLZYSQsQWrejKfzxcPjSgSSzTtiozCRSPvvcqzHEghlCLtlMfsMATQYTfwIaNoWewYYtopfqBkwxEHppErbIPeuylQNxfaBNhYRnUWbebpuHEcuEyAqxTGmKcptWbeKgvWQSrRZYwft
50,LDTTKJQVFZ,34,aywvluapis@aws-example.com,NNznIQTTDatgWjmqSLFfXrjGTBDAdRzApkrnLhwxqflTBknbENbNnMOpYCvpVVrXHvEMIpCxnwncnlAyVkEGQdEExSHQOOiuqJnOHpAYfWVEzcLiilJgiBVfKwKpDlxIToJLXIqRBjPCYBtPxJrrRGmlUJKbwJSVmJwqVNUrZSpJNpNaYxKsipKrAYhDxwTpuVAYoRfkyCYOOoqWByDCqTJfJoVIlYrlVhUOrfqlMrSqSjzzFOtBBSALxGublTosDQQvCBryWqHWlowsaClkQZzbUlMRWpZpuuvwPkcrLHFbjrtydQHmTbLcVEcTlGpXvmMdwAmxiECuUqlzcWepxQFTWfIbCgnNYAlpaMXakeXSezgOcWhsLRDVPYhcyWJlLXEddLOfYyXKNzrK
51,XFHZPETTVR,36,nflwvbkrxt@aws-example.com,wbCcLtiijLnUUzikJvamrbNQhBIbwLDLCJlmLGZbTrTrbxKzsYugWHYKQEBINSDfqfhPyaRIAwLZOnYvidbtWFPMTTrASLHNeaRhObhtDrKQrdplCGijBrIaeyzOolRyLcaNmvlslbvYpUCUnSZympqNWNWxsFYvenwbqkSjDYtRTQNaKPoldxPSNzyjJFFCGzFgYyzRSmfZLtPeRdxizYXpkhitUWOrswPHpfGZWFYPKOZsGxkOfvVZjouMrSPPXbSYOGVQEyjODfxtCABUyFOBTcyydnBUfxHznpsByZkrDYeWJnpikVueFlyobcXBqwUcmINCDuFgniQeMmMZyRwNtVybVzWlhETLLiRFtCdaxvfJexuODEcnHzqspQcHWthIpxbgwpaEwjCn
52,VMLGRHBNHU,49,rahcemzwin@aws-example.com,WOSSOYqmiaJWgcvKKoWzNQMmlHdbNweSflfsaaHkqUnCqgNQWGkkKFBnjYJnEeYoqibiwonaiiWDZuDDPFHTEpmLXDREIDaiXKcuxKetqQLMsXxZgtQMyUHQvvIPHVRbznACSzBzXveQqkoNtaVsYodTzriohSDQhhbAoYzjAPdLvwLsMpyDJlvuwtkHAGSHEvvjgiQhYGNNLbrFwmWadpcerRKNOJSlusYSoVxQyfVAFRMUQVayybHngeXqAyDiTiSkuBJjDcWbZvWXMSsrXEPusrbrkBzPwTHSjvuZcduCwmoNzjcobNmncNmAycncFDZUKxHcWbcnlCNRUHkzPVrZMSBufmeijIbbCakaECEpHuCkfrSCjIccUgNbKrINZKZqBqYjIIItnNhc
53,BWNOGULYAY,19,zadijtxkdb@aws-example.com,cwnPpRsaJOeZBxZxtjBPfsidvbgmtUsrdoQLhDunztAvSSELpfgLxepTAOjhfAxVsjoGFZSgnRZSpORhJZVbeubRtZBEDALzAvhagSaollCASTRBaEtQklzlamCRskghwLEWHcdgbGTuRCeFILfYjEJmzVvAWOxXSGQjhdzCYBsUttkHYFgBjbDdQJPwRByYBJMzqorrLiadvLuiKuFRqYQWPKiAfIuzjeehTpLATTCOaZxwAbpvYIYnCUWdlnAPliOjUuXTzlAlJpJClMhBcOZxYdscOMcdxHuGwoQQZSoMthCleXLFuhDRYmyajIBeTSbVIaPhtrpePDdyyQPSlRMyAClVnYtwIpDaFxICFosqyvVLSBAdKHRQYJiwZVZoWyDizsedFTcYpCZx
54,ISLJRDLNAV,39,xrxnlzashz@aws-example.com,yHLeJxvZxdGcpsSAsVVLsDnDFtimZVTsmPMgosVcsXBojyzyHzxoIslJwMGlgZujINVqhKRZrtldKJhWOHSnaVMQfceJcSREMNULrAyTdwOZtaAarCcLDIWiGknOaVtezUuxIIfVcypXsWCJvrEeBVTsRIWwXwyaQUZHxzepPXKsnQWObJkDjikZGEhgCJStJUXBzqrzpPyEzQVLUdurwJUWDYBYIhOMcUDyQGiZkxRwzakAaWWyNXisqUnozwnvjDUSoPoDtmarfyuQQRSETJbkaZPiKXxhtnTAUjGXtzTjGRHOXyCuVDWcKmBiXtqTZvplZgwCHoUhyGFuPLlHXxZFeUKHLSpcrRxWsKfQYWojwTSygrfLbgsTNqgCzGgtgrdalyqkzhYwMjdt
55,IDABUIZLGK,19,ymzcjzzweq@aws-example.com,oKHmaONlxrFMsUoumvdUPUMGAzQlbLyfVbPtsPTysdhMyOsPALYBdPpSuMWKSaXZiukbMFafhvKtdOBmYglLdPcqgfAWUgHBfpLZpcXwButPoobhbknxMfOWhObgIYknJXEMowcXThKiPlGbhkmcXCaclYCmbsSJgEOnfABMWSwPKgijaWgvCJwTEYOzQCVPrBlEIXZNkfSOtuOwgjIYVvqFjVGifEpFAyoYpVZWsXCvGgEFXRCKJPVuysMyaUJLKReAkqjuLaIYnZvxiTrhTIdAFFTXCIkuQJjIJnjrDivdLTMzmobvkvRGtLIXvOdrWDFmTyOqjsgCiBCtRJNvRtBzPzSXlVRDSxMQydQpnzAsmwDSbfXlKHnvfqFNEIlpiJsKbmPwvgvFFFBo
56,PIPTJHVAGO,19,llxeluufyx@aws-example.com,zEwcTRyRTzAOofzwdsgNcHmVbqbLzayAborDDbXxvUUSbdwWCZNuvtCJglaEDCpKzPmFpMQQyecvuozNRHkGeJloBDTFBBfgMfPgPQYMUnGlfxgdqREdVKrzSfovqSkkIrxYuNaXZDAAvrpqUYLoplRiqREsxSVzXPFPypdDvvBJkLojyWYzFcrvbKMtruIKZEKYnhCPEfoKrPYbTWHvOybPrxbeYqAhSnTYLhezRlaOuftNCjsbjHVBocMRFNUhqxjAJmhCnNvZLyOlJdzOxRRFCxQoxmnZXkjYWYmbfSvyJHCziGCQuUrYAPGFwXdiFUHOQEfHePMguzYnwxodDItQyOTyXXSYCVEqnmuFQomHlyIOjQpQxkRcUyPHtxHGorBJRBTTJcPZtbkI
57,BRHLHNOZVA,46,rnakefvvle@aws-example.com,xjxlmveaGToJdbSEulnbqYXDiWBYIUlxGObIOgzowVavnpRpIJYdTzVNYSVwmMUpLtXXKurriUBISoMPCrvLSoppwgIuuCoyHmtUxDYqXiLySSnXgweyGFrKfkggIsbYUhxLqRFUToaAjAaqNXNSAMsMQlRTttNLVlsUzXFkPInnCEQgnLENuapxOFsybEzdtkPjAwuGokCDSTTqDFraEyUupzfEqiwZCitFKlihLOHYCScbxVhpxSDeqNtBFeHUQUoxYscAGlbFkjvsvJefksaxntoImCWWpOpKJSvKuLTNdfKnqZslhBKUtcPHCeKBpHyXglAyRWIYgzrQeIOtGlCTYKelahgMbgpuqRZcBeIqNjqSvtRqWFTyxJVFpLYUzWnFSGaHLUtKWwIr
58,ILCYHBDRAD,29,hbyqcqwchd@aws-example.com,qacUbSxTTAjRtAlBYumyASMUnhkHOpXYFmptJlLYBsDZJjNTPlmxneIEPxHhwdZnOdlFgoLfjMKZTBEaEWxQaYyZcXzumUXibBcWqrcglEdHGeMctftzwFKjKoTitCooKafYAywAjUXdXcLagYuPWPpejigCbCqCtxfmAcOWYqwfuzWsxkZLUwLutvVPmKbFSkDFmobmlDjgoGBBosPGfrSACitGxzkPPUqtoDHYwTGxDyIFVGBbNlsjWaKfdlnoEFvVJQyYdAmMMIhCGRDdOYOOamhIdZRcldCVvxMOdaVYyVbvySpACKcaSXMkhJEulQAjUdwCfSjeCXRhXNBbTLIygJutrBdyiuVCwqpczwIgUfHChCTlUODpOwiXFyOQYJzQVRJlAfkCRmBm
59,VWSWHFOBHU,55,tqtwsjzmlk@aws-example.com,yJBstStAXTaoVjndbNrJZBbRdgAFAuFjkdJPctzhjrxTzIsEPznMuHfoavgRDqghUknCPpwLvxahNzoMfteJrNftxBnpjtlOVrksKxcvYxwguEjNlSrWXnAYdRkvBQKRekHAvrHmfanbAXOydShtCeEesOSkcudeaqJQqYWJgdrDLOZMSwGlHaMKbQGGftyCoxbLMZSGwLnRzcoccHpGUehUCcyxHlvsUUCUepASqMBjibrgSsuOaYGSXbAuRihkmguzqJZNitKHailzhohHAaehfJtcXNaIuiSTWeffKfBcWVbQdGPkOQmDdgHqaNukmFCkTSrKjAZSOAuobWKnbghKSBxmwnPsDkBbQTEDmKiJjWtUJXYPxbQLjiQbRJsIVaPllLphzMmbfwnW
60,ABNJIOCHBD,22,ahrbajbnui@aws-example.com,lhxdkFQeGIjnrbhqnmOitbEJfjjSgWmggBGsKyOWbSmZJDaLuURICkOaBUykdLnpqokxsAFufOZMStvXCFZpiVXJTjGUWYYuDiKiIjpzyaWECmIqmYLxNiuIyxTyOCpSOOklRGwLHuxjCIPjRmUDYqPeeOPtRELrJZkzXaOZCGLjRuhggHJwdhwOOpIcZAuFHJtGcXcaAjPnxoBaypiUHVtPePChXHGZdVWSsVGaTVPvjTeVMoSTkgXdTkBZcRyJYoickBSOTAGFedslEDFQGvaNSpktNOSdUrdkAqIFNcbcOHxAuqCPHMitwnpOcRIpGznRJoPjptGMFprgpeUUUhLueUZwrXgzhBXxNpwYIPxkTMheDGolsTlonHIzDrWNjGjINUoTWgcJAWLe
61,YMUZXXTEJZ,29,uwhtvtnooc@aws-example.com,IvNMarqVjGFWCizHTwtVuyIvMbofBgymSGQrypqePzdOsyoBwJYbouMJlSGKKZVEMexlImnPXffeqfcLEGfiOqBvOvcQlfHXnVAxNVvPLymGmFaaMhbVVfZnKtOvILQAjhMKmKrVgPUMaWCACIYZDbQxMdYHBVsNyFJIgNEwWcJxXjrWkEXYvvvcIQqDgljbfJaSKJyAzjGSrrbUaUwihelTBnmrBliFRlKESNjjtiQbmpGrdVsJLPYJvIYzURqvqvPtQDXDJlMQlzqVITEAoMgyPCSTDXAhofVkVqqrjKDjwrBcGRZOufLUjMlyTtGXNATQMzOZDWQOaRocNgsiIQFCCgmqqzVTescwqpYPeobtpVOElVnNpPgebqkOamtkFnlBADkmSGaqpZam
62,TXHDKQUSWS,32,yxcjufbchm@aws-example.com,FIQwgMMuahDHUPiPBTkJOdQMJHqOlGXdVBJFnazFMdFDzVkkbOANHscgxmDsvdmxkidCPvwaVaHNRQmhWdskImPufUSQSqtPojArZxYNGdsunreTuaCkXFKwWtzHsDieFCIVjonYOfXDJSiNBIfiCRYLRAnnQuPlNHDucNSixiyqMukdAxUkNBYIwzMnoaqmtKbDPajlQtOMuGoLygGfTlOAnPvRqtJEuoWkcjDypVrKOZTZIBUcKWsFXPGXpfwucslRPwQSdKRzreJwQSHuZZJpFkqlvfhFyQmcpCCnjUMWcOIQKMVYrVKrWJhuZPKaOvvZOxbLFdYNbdXVdtOKlmveXnbYAAUMtBKJDtjbLZSuumFGdyrFZKXnatIQLSDmjKUCkzDZYCPWHGTS
63,WTTKQTFRLZ,34,tvnpowcglw@aws-example.com,QgFSeDpEHJmdHvPkUcQIBlqTPupROCaBylLJnYxqjpNkpKOPpduNaOgFvSfZeYQlmrlFeqMgLqCJotdzsMQgXqPGoTZyBkyuTAWWCdUgdJBFApiaSHYnVhEsXwSBqABOExsyuydoqWkJtPjuchpCBOAZGUjLMdIHEllxdjRlSIignLhBXFWRUrtVbqozjydKdFiatBnAqkzzyPwwdFSusgqtafyzHXkCyuybqWxvhBQPKMoZUTRIHxKiYHgGLCPSUFxtpFovHurTUYhHNzPqcGREQYKuGThbDMsmfTqpfNBAXsFQYfAIurKJOISsCrYbxFzIXvHTKFREnwPIEoVhNuEovheTNnOmpIdPlePBVyVqakGbNxsvycoxDPCHVjVVGAvZkBbpWzPeVKuu
64,MOTJRSHJDS,57,yjublmkeal@aws-example.com,drAXSOAjNgsCNLMTIThcdDuTvidqfzracvBCqzgDcqNqhHmwouMrgwApZJVfSZOREXaBdkQURnlYLbTConLbyLYJQPOLyvCkSwtlyqpbCIihfpBZkdIPnnkCaafqNRIYddIjvvntXLnhafjVryLLqwounhIAqzgueWrpYpIBbYVjewoTIyphDdbVfvjfjBPWevOAvCEdbsfvNnEwludZcZdCjkukiLvKjXcFueLkdHThwBrVIYDybJYgOAzINxhjXSPEuwRHsbWzqceCATeYkXabzuoRUbMauBtgmLJDXkmUlPHpTkoebOBAkNMRlOxyPlXLMiIsTHKhgeiRizFQaRzbwvesPCLKlDUwLUnsIfqQOEhEvWQbRUPYmZEWJbNpfiKwbVPXfREArnWo
65,ILXYOUATIT,36,rqoykadpbd@aws-example.com,nDWllLstshjmEjurHCclbCOIBYeFITiwDxnToMOwelynevZPKOMlVEYkjdIZdfqunaFiPiGHMxUUYRhawnhCSddhtCmuSUKLpkiaaWBEZBwcPCMFJiWDqUCMxWDEVVYwVfqeDIhqQJhayHiSAMRQuRiubmzZxlmnFtVNLdiNuUOCFzDtpCoJyNzNdjYcgeQWpTjKtBHMEOCklFusFldIQwCbCnTChqNGzDqiENCnBOxivmyFfyZMLTSwcjkTXQsTWqIthTDTIlItJGmuiCdBYgKlLusYcyMHhGOmsqhhbHFTjjQJmNfsCEROwMVEGovGWzCOgHlZgjmWrCikTKogBXwwdmgUySMdfNtFhKdyfgeGwvwxpqWUntrfNupqxUBijLryZNgNQBTcNyoM
66,NDQKGLMBAT,28,eefzaxnqma@aws-example.com,hGJhEOjPzmjsilRpcTHYLWScTMGvyTzshOfelpxwdXHLwmzvSoESFcujZWlECUzgDsJhGfqicfLpvzqFzGAsUfPgRvtbxnyqLINCMVYAAWJDzfNoOjpWKeGTLDJTztPlYDhemWylDTMxPATqVNkjRtWSNEkOuytGOJKIaOhYXtsorcmjHtrtJVhaJKWDywsSxypgEWuUuZrUBHofqzQryIpbjNDvIFcsPCiCSSjhYOtihQoOCIJxdFMTbOpoCCyboRkKxEVESRGmayRXPPGeyEkrgywCfRHMaVbpanMxYqCAdTauRbAkcsDbbkCCBxbwNlJeolhxurArsPQMnlcUjeUUvdZdQAycdoLgZKbdpYDeOyIPEMjDwxCCqiKFtYrKBDEUQozzjLNRSYxZ
67,IVRTXRWRWV,27,uhxpmygxnn@aws-example.com,YvLFpOEKzcviIJbvHfUiJnVthjLVyYGpsqwawdQScefjDczaRKnDOKNGQCOJDatpStyhJEesKlwcHfqozLZUNgdvcsKnxdkYIOzJHUWGPuGIKvrXGPswcYlXdaUMkosjAoUpxSGJtFTufEXDaeoDtIJefxKtTXvtBPQxIeWjWOaNHqSnEryWNSYkCgwCNcDiyNqblotlDMqxxoIuXZSEOnocDxGJcyAwgPGaXnahtyGYSENLRDktBtjOcFlVlXoyzQXFRBOedcUOgzARxpYvtOoztpqimlaJZViZAxYIpvTfAygHHZUppBMpGkDypNIsXCyefpOdzJqqtXuwxmhJCNDxpPmFYqaBIggwGToIGpNkgmRPEbPxJzFVufLIzuUfOFaWVhRASEDwLTWH
68,LQMJSSWULG,59,twbcvtkwdc@aws-example.com,pUMceoJTlfwASxOvkOeMFkJStNMtHsUdzHWXMyipFtefInsNOhpgowREMdVyhgKzhWQBtQEdoEZjWSfMMUoVocSqlDMBIBSvkXLQQtkloZGVHOlNyAhPbSgAnkTwtdIfUMdmmitiHzdrxuPSHQrHysltVkeruDNLZqIJSWHPulpQrcfehpdpKMpHTWeXhqKjQfIMRNzEbaaIRqneOTMWtfXCMZcGfIWiBTiOUhYmLbrPFitIFYsNdtpqlKYVfFlFInxqNAKKOprOqpFtSFPcojJOLtysnNvqorhFzAFWSMylUcgEoygUDezxwAfsbElijZuItPZyyyYXdGcRxKcNgatDCKmqzoQCimOSLEryjQHxfjUSyyeleqRZnECZwHfCDZeQcaLgybUCIyiB
69,HDNYDQUSMS,23,hodoooosju@aws-example.com,OouuFsLMaZHaVHfAgFGkTLQnyfoenFIclIiIPnlNOcmilcXwTzDpBwPDroXcSzvnXQdTIONmwRsaFZZBERtSzKwAuwQwdZbnndtBqutNvTCKwHNIVERKvLDwIgclfQlMwVJFREePwWbdKwPZGQSbkDoFpwXxDyyKDyrEQUduEWrefJVFPAeZTZbrMyByjhPoWDWmGTUMzNGsTfWkdVrXqecZdkQRNZCfoRFpWRbROjcbJTqgzTHzhAjbCuFpfRLnIPWrVeCqWmaDlYjFPPwvvBbOvlHLNQVIhCMMNkcKfDqUGfMmHsxlAfTyehgApoYEFlNLKxrMnFXHsrKMAkNSkYanpcyFLCbaKhDvyBQBlQZJXOFvztJwhEAVWNwmZZMwZNHFOirBiRQBrqSN
70,GNGMXZWWFC,19,voubhspglg@aws-example.com,sMUBogxhTJGjOQWVeYwmTiykwvxHVhpfwJGTmFCDrSzagZzgIVXyPlpCPLorGDamWsmMupNZGIThqyxLupHwfrXotRNHdjBFhWXzGkjNcCCGMLLwFnruDbTxBZBwPoceZGHKhjwUzXuzEFTdgAkoRPzsYtluejomIuxVHTIGoAgHMXvBLjvhhTpnYgOcvuaRperhMkAzhbTbajFQumQDVcWJYgHVPvBBUtgPKvFPKTtErrKdaJdzunxZiaeWSXdrdCZwmMpzJpHWpxVORodrMWoCvNdVXXzPxCCSJtthTmGKDPvXQoNmQwUzQZjOtKbbmvEtQbtfyzqFUREomOnWmuCoxTLubkKEAErkzogKzlCGJocuCMgkPaGKgwIRhutVMfHVrrIBskShSvFE
71,ADOKDJQAKB,20,qetownehwo@aws-example.com,XuEElYDQGbOqVwYsSpUdUfNGRRjtyWkjHhcsBUZavHGZaJBzVuvMAvRFcvaYvdvGfSenPfjJVTZmAFmuISHUKrCcSScJqoeVFnSmFDAjEFYOwKIlApjcnPogMaEtHfQEfozpoVYtLgBNYIWsOlQBrlLvVCyTrTXXxhIhzevqhFWBFZYnfwLuoGfGBYytdojyymHLEvxSczxxHRAhTxthfuargzvZJWuzOlMUsANPhhDYZUSgUxpDvJMJBmscRcRbXIavofOGSRyaDjepyYRWnTMKVnQJOSvDPYsruGjNssWslmzVJOaPCaPajkyIuGlvnBcVMwAVDAYDJcwsgyHsywmbDzTVmHNfypQTNYSyzcVvzGACiCjEbkOKwlGaLkZHrIneWtIevWQeWncN
72,OFUMNOCMAQ,44,njbdpzcbur@aws-example.com,ARyInsZMMPceRyYHmqSYwKnMWBAdlauIZcSRimxdlwSqJPHPWasuoPLNfhkeXqAekbeppcsLbsvMMXFQNzNRstnaLfndrXpjbSGhLNLwTdVDWfBWsLeGzLjWmOhZTMcHhZxUrpoyPnZdKXuSISHAbNtRNpTGDJhTQbdZNjkIzIvomPXIjQwnsxwLFEfuXSeauutFHqOvlZLaLoRPaBthFSnqGYMiwjsCJarNzpHnMrakWagxriJwWFkMqiVhKfZiOOdQeUhWlYxbzwUeymOXyGlRYwukkkhWpHejZeHelfdupaYSBfwllJEXBCzFmHuWzuZQKEVlgVcQjAaUwVLnYvNshpXfdJExTNiBQdZhFNnXeQUrDHwUWIwpAmHKzxutFfSZhhoDogcMjfZa
73,TYTUQIBALX,56,jronfweypc@aws-example.com,LrktTnUPXSJCzLKzizuKKFfDlYmVCTTXUKNJgcsvEyszQnqEkwxZuSLVNYHMtyLAdJLoSiFgqLOlhzjguXxvfpDwModFpLAEFJOTxWNBAzlGCwrGNKVHMzWVlBNNxIqkxVYxuTIiEYalALBiVUCCJqSHeAykWgqclHWsvsEoQIywpWNlweJilGrPrvkrivHvPJXkVedYdNVlsNLJIzBXbPikAmGCqAogIycCZzyOwArjshBVbVKkibeNvvZVWpgktKiEnUyouBuNELXQIoOhwnOsxyoagWsRIoDDRRfwBdXfJbMofMzGxEgSYuXndOLQrpdzEuTwYtXMCpKZPcNruECiJNWYRZkDRKSTBTmcDuXmIABdfdBxwSLoRHmnRuUGNGVjkfvlwDKcGTbi
74,DOQTCISKYR,27,zfafumlret@aws-example.com,xvvfjExOlwJdWXZBPrskiliBLUpdSasvlGfuQtUhREOFlYZubYNKCxPdckIbOyOAeInjXZdYhaTKtFrpyGcxGCPUYeXnqdYKgzveSZqKQeBUrIvMHjNghsHTmDFSJnXiafRVTftOnAkrRPWCHVHyqIspuSWQUzdrfXSkpTUlwDvPoalOFJKZQIQgXTQKMurQpxtxdXVmMQhFQXytfVGTKhMnKsNQKhkYlNyKDDamYOTLCjBKEzXIcFXXaXDYZytRNUUFsYNMillkWbKilxfYDpAssLdAuZIpPuFatNjWpazrCoBWNPbobdBZnkJLGxGMXIkozNWxKhYnyKxKZQrQDeCcTRcWalPLJwFANoKWOjarNtjXsGrThxMxEDIddXIKbUlTceqVVZKHpMQQ
75,NQPIPRTPKO,31,duunciykpd@aws-example.com,HcQpqQpwljzaneFLzJAnGTQEQZYjBOleKOQHDalYMuapNxqDtgUuJDnrSYOHNFNFeSIGAPKhAyYaXOlyKYhVqSDQALqCMTpfuEUBnRjkXbEdATeINTxomfftLkSvUXkvzARCVRuskEpPPBELaztxnbiXVcNXZdsdvwyQTgjDzXOvRVAZLWxpWCWsAwhslxStJDIRKTdCuAAhuMCtNDrPEAGFiUotnLEZPvhkqOguCBZMCPlAgoqKEtCsdRTxPtScBZEOmjLWFEYhhqLchXOuByBfpOHDWCdLRHNLluxXgIbLhcLcZRhsytVQnQldCCArRrIJvZUdFAXDEnRmmkjxSxXlgbEXZqJVwvuhRimRajsYhWDNWAszdNiiywaudqjmdjpTNckagqaKuBCe
76,JLUMPNAZJO,50,tfnmacbwuz@aws-example.com,gTdWxrhApPctSKyMqithOPTfyiJDmtZFCQKVQaEDXRbtqtugXfmlLYQcnkCgPSUZghqoBMOjDCUbzVcRRRNhttPpNhtycDmsxLXUyKMnpfwSmkbwAARRhuHAxZTmRocfoEHbSQIxldUtvdtDZetPHSpvxOhYklIPzWtUXUtSeowYrXtnRJzDZkJrLZbYYpNGPnxyLsdXOYzkOUSBBQKhMCaZTZhabBUFjRPocmgWXQfTjXLcioumHqGLaXgsxHmpMMvbSxTtMQpYemocbpUtEMLPhseclkHksJXMqyyySVzhbeVKtdFdUOxSqvDInkPTICJqcnuSyXOOTQNNLzwRbDoWGjREPCREQgddktbAkHAHvlhHNmQDpcSvHmfnuczrjeddtnOwgKqoRMxF
77,UWBOSIABAT,57,fhrlswevra@aws-example.com,BNrjIqsiRCbBZuiiwPMjLdnUTnctFosGyfEmtGZsiFTFLTIKCKGrxpgxsSsyuuxWOZjExaBqkUAzJfiTTMmJWbRRdyupVVAbAaCWzpKhCvdFbBivWBFUackUzIukSTSthzcQRSQSimAMUIeiVOaJPEannRgRQekNRrnkXSzoIhhuzWwuzicvPYSHKPREBmLHjOSCtXZciJpNFHnTpBjmTGtisTStGNkkxsnVpeNcIpvggplQMCnNmQTCRpRBPgfUMBJgnECBRQBNySmkmvXrBqfHrikrJZLtZRpabQZmfSBssWgYtMRJyQOYrTvnrNAKhffqhizQqKEwezgmsfqvVnQxvLwzcwefAhUpCykfHsurBvwgEEiVLooKoeCJBMpkpfcwbVBgmKQSWuUM
78,TRAICFXTUD,48,jlmpypsyyw@aws-example.com,BMTBlfFFTpKWFvDMOuHFwYjkKEotjzdwFPwYHEWrWHPDuPaHKVulQAoNUdLIzTpwXXutsOGsYXvzUxpMDLXcduwIAcHDSmDmcLHaoyThYowmNZYJpqcRcQxMRTpNYnBRaidDBRKIBgoDGstTjkFJEMgCXRHmXoZajFwnALxzYXRMzqrzDupGcdvFtwKeBBEzdjcmRarSNSoeBYpgceHaBAzlpDCNSzXNZmqMBkiHPZHCrrAOSvbrcUoDcKqJWMzArlajRguIUWaPHADyfxNmIWOtbPshapUathPqXFuvoTAjAfDyvaprVKtweTWLYxlCJhTyNSYwYljCygTleGyBZBcwbeTnBGNozklUrIvBSwFMfUdYEHlaCnsJRoPcqtHpqHsksvBYVcYiKRSw
79,PMULRQJWRE,51,gbvaaunafa@aws-example.com,dwKYTnNJfpwZTOUnkVGHFLdSdKkcSiMJtxOackpSCsJlVVZNQWGgVFGovCBOXwmerVuFThYafjOliTraxjhqoOEiFYKqtoBgxtoNJlneukDPUoJRJxAuYthrVroIcXWqjXMUGEHIYnlLyXjyfNSPlHkQyMLzQeUlSRHgtOEzbkjIBcbasHbgyJqcmvLWdwiKWxaZjejBktbjYSzigLqjELOJuCgTfkjtkeqHthifMQpbVbnTrAPAemcKIaNCBkqgdBhHITkIyRarRXiGIanRoGhFONiPUelawiDwoodyJurIqZUctBKWlqAhoaygzmbQhfmYjtisrZmRoMJrYotNqTqpzqEDvXVjPbrzYmAiENTJcMwbgSviVtFjUvmaZujOBuHWXxGOUByurkGX
80,QTNNZVMRCV,38,ksijgldnbk@aws-example.com,NfFcwILdrhDXAQMhAJSiVyXqeoeRbqyIbtnepXXydehkkjDiiXbjeHhPoqUjGvNDYuytzMSCxGVaJHAsxVrLZPkTNZWFPVrvQIkswLtdcrYjynRixzQmRNPDXWDUiotduvexbGtjcUYtPvccVdYHDlLMsvDIuKogJJdeauaTwnlbIufahmQtcGUzHEYuttwSasKjtKmgTOyQeAvjMHnPezMWmlEJEfHzvBMFcpbTycNPnQfiwZWWXwwAelLPbocgBbwajinkscpMVzBRqOrvShbVIEBRSDpEBQhvNUUMgOEGarWzJLtUtlmUPktwmIJSYlAygtmSLenGOcKrZvWOoGcIMUyZjNmwoUDBXgvNuGYZOEGfXqQwWRyhaqFzehKAagjaxjjgkwuBJoeI
81,NNJGMMPSHS,53,wvhmvcztig@aws-example.com,gQnhMxLpqENkFFoRhdHKVTKzgdoflHoFunudXGlraCsyZtHdqBzqrYeSdoRskcPMevmLjjMBcRUZicengZchUMKuVGTwavszPbjmhFRnkdsQsAGVTVDzFmjquMXENaIaekqcaneoqDIodvfGaaVkLaipxTLpBWGwrvKCOPIwICRMlCkkvTZZmLLGgHUaEKmoCqzEwkhGrdnNxFPEBkhzFensmyRSccUnXueYUwMtKtjbnDqfiamTvuTTwiccuOfXBlLBUoTssIPAihgzhgImBHAmrhrlwjqekXyFIMFsctzzpRaBpQjuqDgzODYTQsoQNMgBBDRyJNeGfjUBypXkSqhsMtwOLmRwQtSHDTRqaDdiMUerzAfnFCNiGlgFcfifejeedzCFZxEsSTQo
82,ECQWFRUVAJ,19,lpjgfbzjvo@aws-example.com,lQHYJnTwuBCVqkEeqitRpwjwJWYBNogeGTxzEsZvclrrmLqaYdWFOvuIeWYgeuibeSdkNWBrPlgXwhGCAJHsYRAHbnzQbXekYtCiSfqobWdYJwHkDvDnyzYZwkjZViEKnKDiVJymnHYvFLiKpYKMvhNofutlSKneEMsLzKiCWcCXzsuLvGMQAJheiAGdZUzIgCgWRIaWSjTYVvwYdKzfOXqNfejEolRZIECdzrJcvAGzPzhouwXRNQVCBnBqETGldnVhoGRtpPAHUushPmCukYajqSrmXHcLElZwNUXWQiCqtZYmyjgKdbhXCjCNNZNceYGvhHHmPAxebvXbjQeIpDMvUHoRxGyUXgsvniXPBxhACAxnZlDaAXFHTveQIXuMAaAGXkxBLtyzWDZI
83,ZCQNQKJRLK,39,srpvapekpk@aws-example.com,ixPTDXcXFsCxTcUQoKYlSUHixIjhRSFmnUMtdIhdZjmfhhrzEkxdkGPGiYLatMqnpZoAzoKpSSshcaOBmLTgaXLlAofqJqYahVmVQdngAZlyNQgpGuLmSzCFLfPnUwNnnCJAWqLzBNsmeLyfQOSBrOfOFMVxlwIBncdMmLdYsiEhcPukaZSXcgKQrIBxYSaGZSUFoAFHRSictlhsOLKgjhZkpwYRlxVsxHdOjqzBjfkitSQXthzwOjpLqXCECQLKLesbCdJhxwtFibIARBMjhywoGvNKLKuFmkmxgJcqIAJZUNfNefFtbGJWsCshKfwBUCiGkeebUSZjdARjLrwYTWYaeXIoWaCfiHkGJmLgpfraoMdbHNMpbxOsngoQZqnZYQhntdpuAvYjBoAl
84,KAWXJUPAHU,54,vwozumdgoe@aws-example.com,WZfdWsEaVCBaAnxITQZjEpYDWGtzBhtlOvsDxieRPLbClPsmyriyEqnDBMOEXmrHEGlPZyYrQMLnrobpgUUzAsCiLlhfyplgjlPWmecuPcDuexWVesStTuGoipgfOZaDocnvPAohrBQHPPMDwwlBrspULmyKymDUBfRvxNRiBMCKNtwtxXxAFkFcrpayQMhKAHLRdAJwPnMNowMlaGhrnCvROZgdTJIUCYGcQHzVZqbdbtoKzyMBPUtIYoYKSeWATNlEVVBBqOiJUxHlHECrLJZMsMBQtyyBcIxmVIPITVfaonVLShzfBlphRKhFcQERWtxbPMeUVuMFSZptgUFzqRvwczQXCSaoHUuACrDxBtQMGxwXdfMfMhKbSXMBWDKWbQXHKprWipECYxmP
85,NCBPPAHOKL,32,ooqqcrpzkn@aws-example.com,MAJNvdvZIeWkCNBOUmoVRjmRkPZSldNTuZVxoGmTgbbmWMyuknWYKyJqXZZZmSNPmujInXsCdsVQExwBHhwEPtMIsxbfcYenwJtBlNLkRayvWYSTrUnDDTnuYPVNoizSSzAwevxhAXEprusBpWBgLZMVEVzuXUqAAotSQEcpvBxFSaYKhXEEJqSDQdJuZlQLnmROHYMagpPCJklAketXsNwPhKITMtWvGohzANfRNJcKbMlyQUOffXPffJkhcYnbsBAmrCjaqApgGgaaHzNaEBlBOOuwYpyuclBTcycqihVmSFqPjOfUPTgNlmNghIBuGylIjYoaHVtdahpCHIWBxRHSywJDEjpoUPMDJOlbWaZzDxeBmRevshPpBlPzsLBLLVXWXoxqSZoSqLQe
86,MXNRJXAHTL,53,jpmirytovf@aws-example.com,aRpDjgjTKaYNPhQXemQmnzSCeVEJklOlWNHwHkluCzwGucOzvLDhvUmIgiVdilFKRPwKLbdchZJGqqZTFaAHmcvhZpqxLEIRdUKTGlnOOkwjkWbUkthpPPuiYVovKyNuvFyEBVzqhvVwtRQHnIDwOIKRRSOBbrnRpDvvngmrxPutvSWggHKZpUDALlVtoLLXfhxAmSDSBKLpYhMTdJdJOzCqMxNHuTVwRZgVehTnWVcegpIWpsMoTBUZXTXNoiVYSzWcXkbNmjlSfTQsCfASoksvtYcpryfrPZNijrRtMUuxdfkomrTKiTBedFNlIguyGZipFGPEnVXALOnXzbfbWUvxytyfcdGpJUoEkwMxtGzrpHYdFKvZEFGrNmStxNjVeRiuXUshXryakMTI
87,QWZXOVAVUF,35,inujumhjyl@aws-example.com,SZlvvaTaMLkekJduOvqixBjmJqaKeDxjKgwYsmUDXLCSeqWNbsyIBLLNgSOGoKOOfpvxOVcfyBoKKJgRPHxPXhlayQxwrmEWgRYDtjjqPkyUMHjjrUZWYSVZjtIGpqnUTRSEKSDTtTJfKyCmAgNAZuUiGVDykUToNPpPBuIVyWxzETDLBFFJRVDHfnxTVeNxiIjVpEIODjLrVkfBBQCUWsenZxCASjQoMJROFUwFemFAjjkIgbZCFsCfkLAEEWcBNYoPFHgkZjkJJmHvUkksGJGYMLBQieQybOXUQqdFGnGczGjbRZiDoKbFMfQKNJPpxYsCGREAMJchWxDdiUnEhdZPNbFEHgngVvKOSXItUpLjdNkkJyLCXBWaOsZyVbGNqiSLOkDsAUTSkJrK
88,QAIQIFSKKI,33,bmgzedgmab@aws-example.com,qOmRyzsoZaHhnSeIzyVUWoMVTdJKHjOhFYTYsvpjpIkTdAwptATyqVSlXajQxrnIDeiDSaBpoEziTpQmttNNNnTPFhEjwRlacUDNwLkmBnsmEiUgQZPGroHLZNCxWAGIgBiobfijnRVVCHXvTdIhmGhXRzcRXjVqCSPhGPxaPHdBAMReJnXTxUfTmFOxEREQnBbmPQSOkCldmrtKRgyowCURpANmoYspvFrtKLqomQQDCbCyHDGQoHOnpHSvQJovaKKomJHMXcxCDNRYlDzblPIRQafsjCVIYBJbyTVyrOdWnQloSACTiaoLDAfSBzhgEABiYdQZIxeuAbAUvOKcaAiZEjkcGhADobnFyIHSBtxckzaLXsnyWrtNevdoCKrySYSFOfMAWLVPweZD
89,DTXLBZMAQT,43,ppwxqdaxno@aws-example.com,CWMTrXbpATfEZQdCPPUMXxpRNUjZgAjpIGofKcOJOFvxnbxrouATFROaKiLklwgvArrVAvSHBPdOddMuSrOuEWPsSLDaQVeMCjullndMzjDWzODMBXtoPLxQoaImXsgWeLihVwnmKPnOqQcADQkUudQqkuZpRoWjpthOUDcdBsANkQmTUrwuZGNGOiucyNwPwexXXZhQSOSVzZyXPjsMboynNRNlGQJlSyvtPNbHVOTsnDnCnprzsCCrVDaHgPudPDiSPWRPNNbnUFGGXjymEWTaIPBTXlcrKLmvVjiimkUZlyCPBEgyMiOPQxKidJITydnVdRtZuoonDKANUtOxNTBnGQUYklrWAYBikXiNfuNkmEJqAbQqYYsZhsuxaAPSpYpbwHBCOOWGyAKP
90,SIVUJKUPLE,57,xrkfjlfdsg@aws-example.com,StwOfGXIGAjclqIpyFGlxGFiCDGBNnoXIUGkJTIXqWMBpUWXtDHZNBoVWfXocsymanzmALyPQVlmxbMbNCXXwlcDROpjTrmkfzxMIfXdGqeeRWDPfWiPKzxeEnbEjTziNBjijpCLqUhttUXNUPFYQnjVdKmOwqBnuydZLPAzeRZInBKxswUIQfnfUhzUBodTLbtKbDRDAfjEcmxAUszlteOPqNEbcgLWJNcHCYGuCdoHFyvYHTRQrXZXFsiDldbFEZhpjMrcVisUrYjwsfcoIxQAwamtVLphnITHFhnWTzPQhQnPXCQYsHGRtVNRPQijFHUWNZfucWoyKxGxSwFmJrLOyIoFUfFGLgpUFBoDqfGCRItHosHIYiRqYlSGqtoGvBqNuNeVUweFDrYi
91,SSIHDYPPTX,41,nsdhwqnrzs@aws-example.com,ijzPKTiAdPrGGygRLIlZoYfzLcNSJELRAbpbCFcPSSvojdFuIHnpjpfcKewRpQhIkeTmJHRQwVJOEVbJJHXoSnpBjByJwUgNzJLvANzaHqIeeMEgBdwpkLRPBHFyAJajKEPNrKFWXSwFAoYwcuwTsqvLgbaYQkmGXxIhASttSwfWtEXuEMloErWgljKaKgtYTDAERYirlCYNYqTJpuFgQTQrJbVXNKlFvoBvlgyuMvdKOaLVFjGFfAQRYeJMVpHeHYSOxUBAAKSOPBDOrcIOsQLrNSVHFDwOaAWXaAkZfxTCGEsEajSbnkyABeiqKUWeMUWVtlowIkTRsuRaMpwnLILOuzvBMqdwEbZlNAlyDjfmuOktJnRWvYIhWJDbmGblaYvyFLumkDsHvRrQ
92,XPRYUEZQFL,41,gdemchxzrv@aws-example.com,VbOgsrpoSUENccQyEXNxfnovwzfzAfMwTocOevWNVWUaeHSvXjWUrBRbsBsWRIGyVYxfvsHeGpRWsaNzVSAvKcgvYpqsnFapqxpHTtnDLJuRcYMYgPGNZEowISNODdIiQiMtzGLBfWGaDSMPMChMVgIxbIqumdFOIjgYTOXCWzsKJviVhPXsvUScuthgjigaOnFQhOTcekvtRhtZwAFsciRwzEPFLYulvYVMESedDMaVgbJUvoKGldZZfqOoBbPvrXBfnmaTgaDPKCtQJmfZgRCPIvLtHEOPIurUluSggGHipOxMhEXeELDBTkujUJUeVOMAFNkLYXvQfHRXbskyTPEPoMtdcnuuRExgaoqaSgskotTvPqLfYveQVNmSfHxhLucBzoXXREuBpeDQ
93,UITSTGDFWM,31,zendqjgcst@aws-example.com,TrLSLoKLcplJUIIDFQSCpTWnfiLrbdRxSGcnQNRglzTFTKPvkIDzjsTHukLupfpJCxDLeDkXJVGjxcDiYTujRgcuUKNaMSymObbNcoRDaCvvSrPdQoxcABdFosDOWvaUNIYCtFHHoIznJGbUIUssNkiqcnFFfhRzxhbhYIwySOVMdvDZDHHtCJXJxWtiEeOxACrPgQIycqDbTVZWugGRlXDQZLpunlCJztONRJJNPpONjqavKsIjUoDldJTufiGozctfWNauGndxBylWIOCWrPbhogxOoYVLmHjjHztgMufIXvTHWCLYzknPyTSDxpLsujpKcDXVUwRqVYrdwsKsuINplsRdQwmAKbGVxpPCKebWHIlpAghrueLRTARMUtrjuVBVbjLgntTjZChE
94,HRGENHHPWU,53,snenuyrzsa@aws-example.com,UhxbvlaMviyXGBjTidFsngedXLGCMxtJbVQRaRazrnCIlXMLPvHLXFuhJhVsWULqheYFpnwNlRobBvSIrctXtyWXkoclkTmBxDnuiSJLkdhOvSRERURXqelLAYvvnMcHAFcSrYncjvgpHpsKdiSkoJFAMoiYmnbUsBSktQevmZKNqIEVZrlEhBoHuIlajDtjklVVjREoLZbEdSmQOzJEEdEaUZwdOmuFzlfVsozSDrpsdjAsOnZCaNSKMdqmxeWOXTBgrJABrUUIDxDMswQzFMcyJnOjoIEchocZuftpxNEzymhypnxNSLMSYMEnSIfVuHUDYJhbeAhfvYcwllwvGUAQvcpmTyENRGjMZpyBpPZwcNtqiFcHguAOQXTXnvFkpNdYnhsCXEkXWOuy
95,DOZGXQZODE,35,upjrbbxdnr@aws-example.com,vNlQtOsdXlsdYkTeqQqBnZSkCTefdKwdNTzQQXfHQmbsHYYqmJYawKmONegaKUXPHbhLemjibMNIVqmCMslyZxzZMiLuYkkbuZjcovrjvvEopDFnuTPjoVJsbzEkbvpopsyycrCaUOYvVlCJOXXrcsLcmAlQQZyzjuvtoogKhcfSLAwoMbWuQHBItbjoWDfXLMnWMGfMSeaQnkgdCAOcrJCIkfuiMwpdXNWVKZIBIazrggcGhejVivcassgUHxKWtBUALrrvFRepEycyQhICZeJvzMGRmQPAdxFYlPuGsWVtcEeCsOiXNOAePVhsJSMwhCRNafrMeplmDHHHmzoZPOXHpretbTGazyWGeNsVxgkmHTDdFUTOawQHwGoWPaqTFOwGJOdUWAEiInAD
96,PTELBXCPDV,48,khyhtwtjhm@aws-example.com,JECuNbZVpQlrMLWclysNHbcLgkYIegmmXdTaxROqrvqKvnWyaNZJmFNgfSbhPSkSeeXCirekOoCaAzCyjCofKRJVNpVLdrvXknfwTzqKihbYUvEXZKOlYqoyoHHpoxWmjMiUfBbchwtuRNISxayAYpbrCREHbdUGBHovkNMHdDprYVLRYdpSVgRoddihYheRpjCXOejbqcaDabRUJumFsEWBAgWJEwBnmyRvFdbmOhmDFZKnExSZpArhdNWWbvxFrcOYHfHXYDcBCrJKBHnvsHUGEEdynRfyiUqUPvzpzzqvJnvuWQOAyKzisNBVilBeAvTTXbnxUpdhcAeorjGYEyIzvCNwxvNURjFACZkAMcBYhjsbELevcdLloRxQqyyIioxlebjbLewprfsz
97,JFTMACDOPW,34,hbrmtuuevi@aws-example.com,eaeGmLuxtTcrqUQuZxhXwjPNsMHTzxTIeEZhSbKMtfjPeafVUPmJrsZSFGcDGTaIZxfKQLMdWichIWCHLQfeVPhtVEIBVefTRuCvNQCiBlqproTUinEpIohNAqhxbxKtTPbhXtEYSHWalheMJfXcMIUhrkrNHMiQtAtuLlWodtQQocIZjUwVcynoMgnBEmXzUSKdUBqTgLhdlOqhPMSgCpuuFqujXauTDsSPjeXCQCOfDpddhQwTumQzSTQjVzoMHvxXXfLAMjRTSbdwKAeeqnwMRAmVGFYebiFUTUBezuAmDZDmzBhCXkJFasDtUNlnXGqwhakUXcWchZEXthlEAwxoXtsDQEnvQrRdigrgkSprkVKMcfIEdbrLLYgTudStrwlYObAYAawJoeZw
98,OZYPELFYFB,57,sfkbjvklyq@aws-example.com,dBXnhDFTwpIsqsLThLCDstnuMScVrMkzoeTJqItVfADSAGnhCDyFpCcjflGorhNZGNUsmVamyxqaYcKPipeTyNgMoWkDDPNOWVCFpOnPOpkvxBOnINVJnBtZkBbcIgvRSmMAfSoCVEeVWdTlaJtruULBLClXAkPSBTZTrpHFbWDPYaMNgRSZyydOossVPkuhKyebzdLXsAGYQBvOOifPIfTSPImHPpaptqeLBkgfdjIDHwnjeKlmevkGSJpXsYUCTetpqOmrhVVajHyiuOQKBYpJyNnfvcBMXdPuuFpBjTQVghuCQxtaWFAmJBtQTtijNuXZzKdqtlPxkLRXjOlhDrElCafTldaBpiPMVQiFWebEYXquFpdvphQQBAjFVppPwIHaGMEhrzEMLRjr
99,WENUJWTRXD,27,ifqsahwmre@aws-example.com,VADLAWLqfHaxOgzWBVUAzLZpKaukFKloRqqlVsKAxoTSBpZXFqSlCEqxtwijELyWHaNUfgxcCiUdHFttOWDHiBMUuQAoUVOZtICTUgqgWZDMdFbqlVlVszRHpEaXXUtDpliYzVQrcCxEMQgLqHNPAnOQaCsrxPPjZgVHQyEbtkxjirJtlPBDbAVmRzorSYkGETkmholXlfozqQmtNlhKLZVygZLakBtvVMEdEsFWOGqEWHkkowNAnyNvPUOGHwrwxBzCsEuAsSBaEVTjsNZDxUjTBLQeQvHrtaeywyQGFMyDmccXjOhjYCVchpbiyhwolHJJGpPtPfsYMZFKZqtNItnMSejgwgAqqcHGPMdfqGfrWZOQgcrdvMdMoLpWqDTlwaYsyVvDVGaUMVlE
100,TREDFTODVA,52,olyeisdwml@aws-example.com,fserogYbQMrmrgcIbJGpxBXSSMtcIRtxXReMdgFdoSyjVLmawlGYwkCQxHyuRsLYqOHJsEedSsRMRfKyVWCUOUuRSlxiPpGuSXJvVYiMPOHabqdsZoMQqKwcUlTbxLfvebIZESExWHxFeCGQDhQZRVRgxhlJgblKdkflqXBPjouCExRvHGEbsaLKFdcQIxijrBlPNvGdWloFAhbsqkrrWGMBYgbPvkYmIuRQNGhcCQiCYYXGxILefjfUDEiVoAmMLhpVcoJTpeELkkzhmwnzYUgCxpzBdDzzEXCybKJjvFWhzwDSmVLNAkomenNXmOKjOrcnBYuiUUCiRwTRjRBLoxDbxUNcTxqmgfoHKxwTYrIZiYZnaGPTpBYgmMjDBQiWUySVfJIqOJvHrCju
